,train,test
0,0.008880615234375,1.7459216977535403
